Keyword,Currency,Avg monthly searches,Three month change,YoY change,Competition,Competition (indexed value),Top of page bid (low range),Top of page bid (high range)
fitness,INR,50000,0%,0%,Low,4,5.96,73.52
gym near me,INR,500000,0%,0%,Low,8,6.04,52.35
gym,INR,500000,0%,0%,Low,3,7.08,53.87
workout,INR,50000,0%,0%,Low,4,3.34,35.33
personal trainer,INR,5000,0%,0%,Low,17,11.95,59.21
aerobic exercise,INR,50000,0%,0%,Low,3,1.03,9.05
anytime fitness near me,INR,5000,900%,900%,Low,3,15.02,88.79
crossfit near me,INR,5000,0%,0%,Low,6,12.13,87.35
personal trainer near me,INR,5000,0%,0%,Medium,34,9.84,50.95
resistance band,INR,50000,0%,0%,High,100,1.06,12.33
aerobics,INR,50000,0%,0%,Low,1,1.64,58.38
physical fitness,INR,50000,0%,0%,Low,2,6.11,44.51
circuit training,INR,5000,0%,0%,Low,1,3.04,149.49
weight bench,INR,500,0%,0%,High,95,1.06,32.3
fitness near me,INR,5000,0%,0%,Low,10,9.02,60.22
p90x,INR,500,0%,0%,Low,1,5.76,120.06
city fitness,INR,500,0%,0%,Low,1,39.35,86.62
gym membership,INR,5000,0%,0%,Low,19,7.88,49.83
leg day workout,INR,5000,0%,0%,Low,1,18.91,73.19
powerhouse gym,INR,5000,0%,0%,Low,1,7.35,109.36
back exercises gym,INR,50000,0%,0%,Low,1,1.64,73.11
ladies gym near me,INR,50000,0%,0%,Low,6,4.1,46.12
push day workout,INR,5000,0%,0%,Low,1,24.67,83.05
lower chest workout,INR,50000,0%,0%,Low,0,,
chloe ting workout,INR,5000,0%,0%,Low,1,,
pull day workout,INR,5000,0%,0%,Low,0,,
functional training,INR,5000,0%,0%,Medium,36,1.36,48.02
fitness factory,INR,5000,0%,0%,Low,3,15.82,72.58
bakhar nabieva,INR,5000,0%,0%,Low,0,,
chest workout gym,INR,50000,0%,0%,Low,2,1.98,51.81
sergi constance,INR,50000,0%,-90%,Low,0,,
club fitness,INR,500,900%,0%,Low,1,,
inner thigh workout,INR,5000,0%,0%,Low,2,,
exercise ball,INR,5000,0%,0%,High,100,1.47,20.04
back workout gym,INR,50000,0%,0%,Low,1,6.97,78.27
back and bicep workout,INR,5000,0%,0%,Low,0,20.11,121.15
workout bench,INR,5000,0%,0%,High,100,1.17,27.75
lazar angelov,INR,5000,0%,0%,Low,0,,
energy fitness,INR,500,0%,0%,Low,2,10.15,112.88
bodyfit,INR,5000,0%,0%,Low,17,7.02,43.13
cardio workout,INR,5000,0%,0%,Low,2,1.64,42.76
best ab workouts,INR,5000,0%,0%,Low,3,1.64,22.65
best gym near me,INR,50000,0%,0%,Low,11,4.79,48.4
upper chest workout,INR,5000,900%,900%,Low,1,,
forearm workout,INR,50000,0%,900%,Low,24,0.96,1.31
fitness classes near me,INR,5000,0%,0%,Low,14,10.53,60.89
gym workout,INR,50000,0%,0%,Low,8,2.47,24.98
health related fitness,INR,500,0%,0%,Low,2,7.01,65.79
7 minute workout,INR,500,0%,0%,Low,8,14.8,81.96
golds gym near me,INR,50000,0%,0%,Low,7,13.56,87.08
cultfit,INR,500000,0%,0%,Low,13,27.16,673.26
airbike,INR,500,-90%,0%,High,97,1.82,53.73
fitness center,INR,5000,0%,0%,Low,3,14.77,78.02
shoulder workout gym,INR,50000,0%,0%,Low,1,19.48,79.76
vibration plate,INR,500,0%,0%,High,97,1.2,6.58
health and fitness,INR,5000,0%,0%,Low,6,8.03,97.03
lower ab workouts,INR,5000,0%,0%,Low,1,0.97,31.25
anytime fitness price,INR,500,0%,0%,Low,9,13.32,80.92
resistance band workouts,INR,5000,0%,0%,High,96,1.1,18.88
fitness center near me,INR,50000,0%,0%,Low,9,5.26,46.99
gym bench,INR,50000,900%,0%,High,99,1.13,12.33
workout classes near me,INR,500,0%,0%,Low,21,13.24,75.47
flex fitness,INR,500,0%,0%,Low,1,,
fitness gym,INR,5000,0%,0%,Low,5,13.89,71.47
club 4 fitness,INR,50,0%,0%,Low,0,,
helmut strebl,INR,5000,0%,0%,Low,0,,
dumbbell chest workout,INR,5000,900%,900%,Low,2,8.22,50.98
water aerobics near me,INR,500,0%,0%,Low,6,16.45,173.69
mini stepper,INR,500,0%,0%,High,100,1.8,19.95
fitcoach,INR,5000,0%,0%,Low,15,9,77.22
lower back workouts,INR,5000,0%,0%,Low,1,1.1,60.11
bfit,INR,5000,0%,0%,Low,1,0.99,1.36
swiss ball,INR,5000,0%,0%,High,94,1.16,19.93
ab workouts for women,INR,5000,0%,0%,Low,3,1.64,49.93
xtreme fitness,INR,5000,0%,900%,Low,1,8.03,137.4
family fitness,INR,5000,0%,0%,Low,2,,
gym memberships near me,INR,500,900%,900%,Low,26,8.16,52.64
best chest workout,INR,5000,0%,0%,Low,1,2.51,62.22
best treadmill 2022,INR,50,0%,0%,High,100,,
anytime fitness membership,INR,500,0%,0%,Low,11,10.24,92.72
gym ball,INR,5000,0%,0%,High,100,1.38,19.9
push pull legs workout,INR,50000,0%,900%,Low,1,15.62,53.45
gym trainer,INR,50000,0%,0%,Low,13,7.18,30.77
exercise classes near me,INR,500,0%,0%,Low,16,9.99,50.53
flat bench press,INR,5000,0%,0%,Low,30,0.97,44.04
arm workouts for women,INR,500,0%,0%,Low,2,1.64,49.84
anytime fitness membership cost,INR,500,0%,0%,Low,5,10.04,59.34
iron gym,INR,5000,900%,0%,Low,14,1.04,1.65
chest exercises gym,INR,50000,0%,0%,Low,1,1.02,50.16
body sculpt,INR,5000,0%,0%,Low,20,19.02,66.23
back workouts with dumbbells,INR,5000,0%,0%,Low,1,29.6,67.38
life fitness treadmill,INR,5000,0%,0%,High,100,3.45,31.17
fithub,INR,500,0%,0%,Low,0,,
fitness club,INR,5000,0%,0%,Low,3,16.45,76.21
nike training club,INR,500,900%,900%,Low,6,5.2,70.84
push pull workout,INR,5000,0%,0%,Low,2,12.33,79.33
zone 2 cardio,INR,500,0%,0%,Low,0,,
best shoulder workout,INR,5000,0%,0%,Low,0,4.93,65.79
fitball,INR,500,0%,0%,High,91,1.34,19.89
workouts to lose belly fat,INR,500,0%,0%,Low,14,1.15,26.13
gym fitness,INR,5000,0%,0%,Medium,62,2.57,29.78
multi gym,INR,5000,0%,0%,High,100,1.26,25.24
lifestyle fitness,INR,500,0%,0%,Low,7,,
lower body workout,INR,5000,0%,0%,Low,2,5.04,69.07
5x5 workout,INR,500,0%,0%,Low,1,,
water aerobics,INR,500,0%,0%,Low,1,18.91,45.4
growwithjo,INR,500,0%,0%,Low,1,,
chest and back workout,INR,5000,0%,0%,Low,1,12.33,79.05
abs workout gym,INR,50000,0%,900%,Low,1,3.59,61.67
zone fitness,INR,50,0%,0%,Low,0,,
aerobics classes near me,INR,50000,900%,0%,Low,8,8.91,57.56
lower back exercises gym,INR,5000,0%,0%,Low,1,13.16,69.07
aquafit,INR,500,0%,0%,Low,2,23.02,53.15
best back workouts,INR,5000,0%,0%,Low,1,35.93,104.11
exercise for weight loss,INR,50000,0%,0%,Low,10,1.07,18.48
private gyms near me,INR,500,0%,0%,Low,13,9.89,56.11
cardiovascular fitness,INR,500,0%,-90%,Low,0,,
taneth gimenez,INR,500,900%,900%,Low,0,,
gym cycle,INR,50000,0%,0%,High,100,1.09,20.06
flex gym,INR,5000,900%,0%,Low,3,45.46,253.52
shoulder exercises gym,INR,50000,0%,0%,Low,0,1.2,63.56
functional strength training,INR,500,0%,0%,Low,1,5,56.44
gyms with pools near me,INR,500,0%,0%,Low,14,9.58,50.68
fitlife,INR,500,0%,0%,Low,0,,
silversneakers,INR,5000,0%,0%,High,85,1.68,57.56
fitness gym near me,INR,5000,0%,0%,Low,7,5.05,49.74
crossfit gym,INR,5000,0%,0%,Low,1,15.36,110.19
core fitness,INR,5000,0%,900%,Low,3,19.32,90.63
best bicep workout,INR,5000,0%,0%,Low,1,1,10.69
gym body,INR,50000,0%,0%,Low,2,,
leg workout gym,INR,50000,0%,0%,Low,1,8.03,83.05
warehouse gym,INR,500,0%,0%,Low,1,29.8,134.34
anytime fitness rates,INR,50,0%,0%,Low,10,6.09,73.84
urban fitness,INR,500,0%,900%,Low,9,6.11,77.86
city gym,INR,500,0%,0%,Low,0,,
fitness one,INR,5000,0%,0%,Low,8,15.33,85.63
full body workout gym,INR,5000,0%,0%,Low,3,2.01,35.54
chest day workout,INR,5000,0%,0%,Low,0,18.91,106.46
fit4life,INR,500,0%,0%,Low,0,,
fitzone,INR,5000,0%,0%,Low,2,34.47,84.39
inspire fitness,INR,500,0%,0%,Low,1,4.84,24.74
curefit,INR,5000,0%,-90%,Low,12,7.57,158.3
workout program,INR,500,0%,0%,Low,13,9.16,85.27
fusion gym,INR,500,0%,0%,Low,2,30.71,71.54
dance workout,INR,5000,0%,0%,Low,2,1.73,68.53
functional fitness,INR,500,0%,0%,Low,2,,
dumbbell leg workout,INR,5000,0%,0%,Low,4,9.73,65.79
muscle and fitness,INR,500,0%,0%,Low,1,,
go fitness,INR,50,0%,0%,Low,0,,
xeela fitness,INR,500,0%,0%,Low,16,,
gym exercise,INR,50000,0%,0%,Low,19,2.97,26.6
best leg workouts,INR,5000,0%,0%,Low,3,0.42,43.25
cbum fitness,INR,500,0%,0%,Low,1,,
true fitness,INR,500,0%,0%,Low,2,8.22,65.01
crossfit gyms near me,INR,5000,0%,0%,Low,6,11.01,75.54
getfit,INR,500,0%,0%,Low,3,17.68,91.13
balance ball,INR,5000,0%,900%,High,94,1.07,27.05
one fitness,INR,500,0%,0%,Low,5,16,137.84
smart fitness,INR,500,0%,0%,Medium,41,7.02,53.61
bodyweight workout,INR,5000,900%,0%,Low,3,11.51,73.55
snap fitness near me,INR,500,0%,0%,Low,2,24.67,111.33
health club,INR,5000,0%,0%,Low,2,15.33,51.47
low vibration plate,INR,50,∞,∞,Low,0,,
fitness trainer,INR,5000,0%,0%,Low,16,9.98,65.22
fitstop,INR,500,0%,0%,Low,0,,
aerobic dance,INR,5000,0%,0%,Low,0,10.69,36.18
gym gear,INR,500,0%,0%,High,99,2.07,31.2
flat stomach workout,INR,500,0%,0%,Low,2,1.08,12.65
the fitness marshall,INR,500,0%,0%,Low,0,,
anytime fitness cost,INR,500,0%,0%,Low,4,13.1,64.72
workout plans,INR,50000,0%,900%,Low,7,4.93,38.48
arc trainer,INR,500,0%,0%,Medium,43,11.34,55.09
powerhouse fitness,INR,500,0%,0%,Low,1,,
arm day workout,INR,500,0%,0%,Low,0,,
nearest gym,INR,50000,0%,0%,Low,7,7.42,51.47
gyms around me,INR,5000,0%,0%,Low,9,8.4,57.21
near by gym,INR,50000,0%,0%,Low,9,10.16,57.76
ace fitness,INR,5000,0%,0%,Low,4,4.75,46.82
10 minute ab workout,INR,500,0%,0%,Low,1,,
shoulder workouts with dumbbells,INR,5000,0%,0%,Low,2,30.43,80.73
kings gym,INR,500,0%,0%,Low,10,,
best fitness,INR,500,0%,0%,Low,5,,
back day workout,INR,5000,0%,0%,Low,0,,
ladies gym,INR,5000,0%,0%,Low,2,9.14,46.14
inner chest workout,INR,5000,0%,0%,Low,0,,
extreme fitness,INR,500,0%,0%,Low,0,,
go gym,INR,500,0%,0%,Low,0,,
full body dumbbell workout,INR,5000,0%,0%,Low,12,1.81,56.74
the gym near me,INR,500,0%,0%,Low,1,8.5,42.81
women gym near me,INR,50000,0%,0%,Low,6,5.53,55.01
gym master,INR,500,0%,0%,Low,8,12.83,27.82
outdoor gym,INR,5000,0%,0%,Low,9,1.4,22.39
homegym,INR,5000,0%,0%,High,100,1.24,24.96
workouts to lose weight,INR,5000,0%,0%,Low,11,1.78,35.37
best arm workouts,INR,500,0%,0%,Low,1,21.38,55.92
fitness classes,INR,500,0%,0%,Low,7,13.03,107.77
top gym,INR,500,0%,0%,Low,6,8.19,113.81
tricep workouts with dumbbells,INR,5000,0%,0%,Low,1,21.16,68.58
alpha gym,INR,500,0%,0%,Low,2,,
back and shoulder workout,INR,5000,0%,0%,Low,0,34.89,70.79
boot camp near me,INR,500,0%,0%,Low,5,14.4,62.88
best forearm workouts,INR,500,0%,0%,Low,5,0.72,1.22
pro fitness,INR,500,0%,0%,Low,11,4.36,75.65
darebee workout,INR,5000,0%,900%,Low,2,1.79,23.73
six pack workout,INR,5000,0%,0%,Low,4,0.96,21.76
efit,INR,500,0%,0%,Low,4,11.51,23.02
pro gym,INR,500,0%,0%,Low,10,7.85,78.51
jane fonda workout,INR,500,0%,0%,Low,0,,
lets go fitness,INR,50,0%,0%,Low,0,,
belly fat workout,INR,5000,0%,0%,Low,7,0.96,24.14
best gym,INR,5000,0%,0%,Low,13,8.84,68.39
love handles workout,INR,5000,0%,0%,Low,2,2.47,91.17
abc fitness,INR,500,-90%,0%,Low,2,,
upper body dumbbell workout,INR,500,0%,0%,Low,3,18.27,88.6
push fitness,INR,50,0%,0%,Low,0,,
empire fitness,INR,500,0%,0%,Low,0,,
fitness your way,INR,50,0%,0%,Low,3,,
leg exercises gym,INR,50000,900%,900%,Low,2,1.18,61.67
dumbbell arm workout,INR,5000,0%,0%,Low,4,32.07,83.4
one gym,INR,50,0%,0%,Low,1,,
women only gym,INR,500,0%,0%,Low,5,10.42,60.78
cheapest gym near me,INR,5000,0%,0%,Low,15,6.69,51.16
matrix treadmill,INR,500,0%,0%,High,98,4.31,29.43
calisthenics near me,INR,5000,0%,0%,Low,9,11.95,65.96
workout routines,INR,5000,0%,0%,Low,4,6.58,42.51
pamela reif ab workout,INR,50,0%,0%,Low,0,,
good morning workout,INR,500,0%,0%,Low,0,,
back workouts for women,INR,500,0%,0%,Low,2,,
chest and shoulder workout,INR,5000,0%,0%,Low,1,7.4,22.76
ufc gym near me,INR,500,0%,0%,Low,2,9.83,48.83
health clubs near me,INR,500,0%,0%,Low,7,10.9,89.4
gym classes near me,INR,500,0%,0%,Low,11,9.44,59.69
good back workouts,INR,50,0%,0%,Low,0,,
total body workout,INR,500,0%,0%,Low,4,27.96,91.28
power fitness,INR,500,0%,0%,Low,2,,
pole fitness near me,INR,50,0%,0%,Low,5,,
popsugar fitness,INR,500,0%,0%,Low,1,12.81,53.58
30 minute workout,INR,500,0%,0%,Low,1,,
good ab workouts,INR,50,0%,0%,Low,3,,
cardio fitness,INR,500,0%,0%,Low,2,2.47,99.97
10 fitness,INR,50,0%,0%,Low,0,,
dance fitness,INR,500,0%,0%,Low,5,29.12,118.64
equinox gyms,INR,5000,0%,0%,Low,0,43.58,98.68
ifitness,INR,500,900%,900%,Low,2,23.67,96.87
body gym,INR,5000,0%,0%,Low,27,1.16,19.25
arm workouts with weights,INR,500,0%,0%,Low,7,,
crossfit exercises,INR,5000,0%,0%,Low,1,3.5,66.92
squat workout,INR,5000,0%,0%,Low,2,,
missfit,INR,500,0%,0%,Low,0,,
one and done workout,INR,50,0%,0%,Low,18,78.12,182.83
chest and triceps workout,INR,5000,0%,0%,Low,1,29.6,113.48
total gym workouts,INR,50,0%,0%,Low,0,,
30 day workout challenge,INR,500,0%,0%,Low,10,1.77,49.71
snap fitness prices,INR,50,0%,0%,Low,14,58.31,143.9
good chest workouts,INR,50,0%,0%,Low,0,,
4 fitness,INR,50,0%,0%,Low,15,,
aqua aerobics near me,INR,500,0%,0%,Low,11,10.35,53
morning workout,INR,5000,0%,0%,Low,4,1.35,55.35
anytime fitness membership price,INR,500,0%,0%,Low,8,15.69,49.9
crossfit training,INR,5000,0%,0%,Low,2,4.11,56.51
upper back workouts,INR,500,-90%,0%,Low,1,,
aqua gym,INR,500,0%,0%,Low,0,,
fitnation,INR,500,0%,0%,Low,1,1.25,35.73
raw fitness,INR,500,900%,900%,Low,3,,
maxfit,INR,500,0%,0%,Low,17,21.15,87.64
urban gym,INR,500,0%,0%,Low,0,,
star fitness,INR,500,0%,0%,Low,8,33.93,114.8
core gym,INR,500,0%,0%,Low,1,,
group fitness,INR,500,0%,900%,Low,1,,
fitness program,INR,500,0%,0%,Low,18,9.52,59.55
upper body workout gym,INR,5000,0%,0%,Low,4,7.11,82.99
private gym,INR,500,0%,0%,Low,2,20.03,48.25
star gym,INR,5000,0%,0%,Low,1,2.42,58.38
best workouts to lose weight,INR,5000,0%,0%,Low,12,3.41,45.59
bicep workouts with dumbbells,INR,5000,0%,0%,Low,3,14.8,51.81
workout for abs,INR,50000,0%,0%,Low,3,1.64,9.59
chloe ting ab workout,INR,500,0%,0%,Low,0,,
aerobic fitness,INR,500,0%,0%,Low,0,,
xterra treadmill,INR,500,0%,0%,High,100,2.94,13.55
shape magazine,INR,500,0%,0%,Low,7,,
metcon crossfit,INR,50,0%,0%,Low,0,,
beginner calisthenics workout,INR,500,0%,0%,Low,3,1.64,30.1
exercise band,INR,5000,0%,0%,High,100,1.08,12.33
medicine ball workouts,INR,500,0%,0%,Medium,56,1.1,21.83
upper body workout for women,INR,500,0%,0%,Low,3,4.11,105.26
fitness first near me,INR,500,0%,0%,Low,8,29.88,30.11
fitness freak,INR,5000,0%,0%,Low,2,45.84,113.99
infinity gym,INR,500,0%,0%,Low,1,,
universal gym,INR,5000,0%,0%,Low,5,25.08,97.49
20 minute workout,INR,500,0%,0%,Low,2,,
beginner gym workout,INR,5000,0%,0%,Low,9,2.65,35.82
good shoulder workouts,INR,50,0%,0%,Low,0,,
best tricep workouts,INR,5000,0%,0%,Low,1,0.82,29.14
ultimate abs 360,INR,50,0%,∞,High,75,,
group fitness classes near me,INR,500,0%,0%,Low,26,11.73,62.5
workout exercises,INR,5000,0%,0%,Low,4,1.34,30.16
circuit training exercises,INR,5000,0%,0%,Low,0,7.97,77.3
full back workout,INR,5000,0%,900%,Low,1,,
12.3 30 workout,INR,500,0%,900%,Low,2,,
12.3 30 treadmill workout,INR,500,-90%,∞,Low,0,,
gym program,INR,500,0%,0%,Low,9,7.91,43.7
fitness challenge,INR,500,0%,0%,Low,10,17.55,70.47
absolute fitness,INR,500,900%,900%,Low,1,39.91,114.92
triceps workout at gym,INR,50000,0%,0%,Low,1,1.64,57.56
gym buddy,INR,500,0%,0%,Low,3,23.02,120.94
active gym,INR,500,0%,0%,Low,5,2.42,132.9
sit workout,INR,500,0%,900%,Low,9,11.51,40.29
calisthenics park near me,INR,500,0%,0%,Low,2,44.24,95.39
skyfit,INR,500,0%,900%,Low,0,,
noah ohlsen,INR,500,0%,-90%,Low,0,,
saitama workout,INR,500,0%,0%,Low,4,,
best full body workout,INR,500,0%,0%,Low,4,1.75,72.55
mfitness,INR,500,0%,0%,Low,0,,
figure 8 fitness,INR,50,0%,-90%,Low,0,,
leg day workout women,INR,500,0%,0%,Low,0,,
lifefit,INR,50,0%,0%,Low,1,,
balance gym,INR,50,900%,0%,Low,2,,
level fitness,INR,50,0%,0%,Low,1,,
fitness instructor,INR,500,0%,0%,Low,12,7.53,53.48
arnold schwarzenegger workout,INR,500,0%,0%,Low,0,,
ab stimulator,INR,5000,0%,900%,High,100,1.09,3.29
perfect pushup,INR,500,0%,0%,Low,8,,
amrap workout,INR,500,0%,0%,Low,0,,
better gym membership,INR,50,0%,0%,Low,19,,
women's only gym near me,INR,500,900%,900%,Low,5,9.63,46.87
barbell workout,INR,500,0%,0%,Low,10,,
back shoulder workout,INR,5000,0%,0%,Low,0,,
lady fitness,INR,500,0%,0%,Low,1,4.27,58.04
bicep and tricep workouts,INR,5000,0%,0%,Low,1,1.25,56.74
elliptical cross trainer,INR,5000,0%,0%,High,100,1.56,44.86
workout for beginners,INR,5000,0%,0%,Low,6,2.64,50.97
work outs,INR,500,0%,0%,Low,0,,
infinity fitness,INR,500,0%,0%,Low,4,,
18 gym,INR,50,0%,0%,Low,0,,
r fitness,INR,500,0%,0%,Low,3,53.45,75.33
best workouts to lose belly fat,INR,500,0%,0%,Low,9,1.5,41.29
movement gym,INR,50,0%,0%,Low,0,,
cultfit near me,INR,50000,0%,0%,Low,13,27.23,186.93
local gyms near me,INR,500,0%,0%,Low,9,9.96,54.88
athletic fitness,INR,500,0%,0%,Low,14,,
core workout gym,INR,5000,0%,900%,Low,3,13.16,98.02
phoenix fitness,INR,500,900%,900%,Low,3,6.62,142.92
total gym price,INR,50,0%,0%,High,100,1.32,10.61
circuit workout,INR,500,0%,0%,Low,2,,
stomach workouts,INR,500,0%,0%,Low,7,0.82,13.98
stretch band,INR,5000,0%,0%,High,100,1.02,14.33
workout plans for women,INR,500,0%,0%,Low,10,1.78,49.73
health fitness,INR,5000,0%,0%,Low,5,6.29,76.48
elliptical workout,INR,500,0%,0%,Low,5,3.77,60.27
gym cycle price,INR,5000,0%,0%,High,100,1.06,14.68
crossfit women,INR,500,0%,0%,Low,1,,
gfit,INR,500,0%,0%,Low,0,,
arm workout gym,INR,5000,0%,0%,Low,7,13.43,72.36
fitness room,INR,5000,0%,0%,Low,0,,
ladyfit,INR,5000,0%,0%,Low,1,7.02,52.47
fitness body,INR,5000,0%,0%,Low,2,6.98,19.28
aerobic stepper,INR,5000,0%,0%,High,99,1.71,19.91
360 fitness,INR,500,0%,0%,Low,7,6,81.88
extreme gym,INR,500,0%,0%,Low,0,,
high intensity workout,INR,5000,0%,0%,Low,3,2.92,28.96
life fitness elliptical,INR,50,0%,0%,High,95,2.86,25.02
hiit workouts for women,INR,500,0%,0%,Low,4,7.4,78.69
fitness point,INR,500,900%,900%,Low,1,13.45,38.73
body workout,INR,5000,0%,0%,Low,3,1.64,21.64
jungkook workout,INR,500,900%,0%,Low,0,,
domyos decathlon,INR,500,0%,0%,High,95,1,42.07
local fitness,INR,50,0%,0%,Low,0,,
fitness studio near me,INR,5000,0%,0%,Low,12,13.16,91.93
gym near by me,INR,5000,0%,0%,Low,8,5.55,52.66
metcon workout,INR,500,0%,0%,Low,1,,
fitness exercise,INR,5000,0%,0%,Low,4,1.77,34.98
personal training courses,INR,5000,0%,0%,Medium,44,11.84,36.18
bicep tricep workout,INR,5000,0%,0%,Low,1,9.87,44.4
exercise stepper,INR,5000,0%,0%,High,98,1.6,13.94
fusion fitness,INR,500,0%,0%,Low,1,24.51,87.17
life gym,INR,500,0%,0%,Low,0,,
rock fitness,INR,500,0%,0%,Low,5,,
elevate fitness,INR,500,0%,0%,Low,0,,
physical training,INR,5000,0%,0%,Low,3,7.72,54.22
gym room,INR,500,0%,0%,Low,2,,
brad pitt fight club workout,INR,500,0%,0%,Low,0,,
rowing workout,INR,500,0%,0%,Low,5,24.73,229.92
fitness clubs near me,INR,5000,0%,0%,Low,11,10.96,73.74
good leg workouts,INR,50,0%,0%,Low,0,,
push up workout,INR,5000,0%,0%,Low,3,,
best core workouts,INR,500,0%,0%,Low,5,1.64,55.92
equinox gym price,INR,50,0%,0%,Low,1,,
female gym near me,INR,5000,0%,0%,Low,6,3.14,30.4
workout near me,INR,500,0%,0%,Low,13,9.54,88.59
upper ab workouts,INR,5000,0%,0%,Low,1,,
pulse gym,INR,500,0%,0%,Low,1,,
henry cavill workout,INR,500,0%,0%,Low,0,,
local gyms,INR,500,0%,0%,Low,5,14.43,49.86
nerd fitness,INR,500,0%,0%,Low,1,,
kfit,INR,500,0%,0%,Low,1,35.86,261.26
iron fitness,INR,500,0%,0%,Low,3,,
burn fitness,INR,50,0%,0%,Low,6,,
ab king pro,INR,500,0%,-90%,High,100,1.02,12.76
eva fitness,INR,500,0%,0%,Low,0,,
fitness women,INR,5000,0%,0%,Low,4,1.17,44.74
fitness trainer near me,INR,5000,0%,0%,Medium,36,7.02,81.28
dance fitness near me,INR,5000,0%,900%,Low,7,5.85,49.29
workout gyms near me,INR,500,0%,0%,Low,8,13.78,60.46
sport gym,INR,50,0%,0%,Low,2,,
revolution fitness,INR,500,0%,0%,Low,1,,
exercise ball workouts,INR,500,0%,0%,High,77,1.46,18.47
beginner gym workout female,INR,500,0%,0%,Low,8,1.99,39.94
profit gym,INR,500,0%,0%,Low,1,4.53,33.19
up fitness,INR,50,0%,0%,Low,1,,
sandbag workout,INR,500,0%,0%,High,82,0.96,1.09
muscle fitness,INR,5000,900%,900%,Low,11,2.29,43.78
best hiit workout,INR,500,0%,0%,Low,6,2.97,18.76
strength workout,INR,5000,0%,0%,Low,1,6.58,64.41
outdoor gym near me,INR,500,0%,0%,Low,3,20.76,86.51
gym and fitness,INR,500,0%,0%,Low,7,26.91,77.3
fitness facility,INR,50,0%,0%,Low,2,,
muscle gym,INR,500,900%,900%,Low,1,3.44,65.79
gorilla fitness,INR,500,0%,-90%,Low,1,,
skinny fat body,INR,5000,0%,0%,Low,0,1.98,96.21
gym instructor,INR,500,0%,0%,Low,10,8.65,39.83
life fitness gym,INR,5000,0%,0%,Low,6,7.02,74.83
ems fitness,INR,50,0%,0%,Low,4,,
livefit,INR,500,0%,0%,Low,11,13.9,57.03
chloe ting workout program,INR,5000,0%,0%,Low,0,,
aerobics near me,INR,5000,0%,0%,Low,7,6.48,75.57
tiktok treadmill workout,INR,50,0%,0%,Low,0,,
raw gym,INR,500,0%,0%,Low,0,,
certified personal trainer,INR,5000,0%,0%,Medium,37,7.83,32.07
good workout routines,INR,50,0%,-90%,Low,5,13.16,38.99
gains gym,INR,500,0%,0%,Low,2,13,64.14
revive gym,INR,500,0%,0%,Low,2,37.6,98.84
bruce lee workout,INR,500,900%,900%,Low,0,,
best upper body workout,INR,500,0%,0%,Low,10,,
gym workouts for women,INR,500,0%,0%,Low,10,1.76,37.03
3 day full body workout,INR,500,0%,0%,Low,0,,
hourglass body workout,INR,500,0%,0%,Low,2,2.6,75.81
french press gym,INR,500,0%,900%,Low,5,,
workout classes,INR,50,0%,0%,Low,7,12.21,60.59
ladies only gym near me,INR,5000,0%,0%,Low,4,7.48,44.51
cheapest gym membership,INR,50,0%,0%,Low,21,6.84,53.63
xtreme gym,INR,500,0%,0%,Low,2,,
10 minute workout,INR,500,0%,0%,Low,2,,
full body kettlebell workout,INR,500,0%,0%,Low,3,,
workout places near me,INR,500,0%,0%,Low,11,12.31,78.74
core exercises gym,INR,5000,0%,900%,Low,1,1.97,55.92
phoenix gym,INR,500,0%,0%,Low,1,19.27,143.9
oyo gym,INR,50,0%,0%,Low,16,,
slam fitness,INR,5000,0%,0%,Low,4,6.41,66.93
studio fitness,INR,50,0%,0%,Low,1,,
fitness gear,INR,500,0%,0%,High,76,2.3,32.11
personal trainer cost,INR,500,0%,0%,Low,20,7.67,114.21
fitness 365,INR,500,900%,900%,Low,1,32.56,170.84
hip workouts,INR,5000,0%,0%,Low,1,,
closest gym to me,INR,500,0%,0%,Low,11,10.56,56.68
best exercises for weight loss,INR,5000,900%,0%,Low,10,1.12,28.14
fitness 1,INR,50,0%,900%,Low,1,,
mens fitness,INR,500,0%,-90%,Low,8,7.96,91.7
body exercise,INR,5000,0%,0%,Low,4,1.17,30.1
hercules gym,INR,500,0%,0%,Low,3,0.98,32.96
kendall jenner workout,INR,500,0%,0%,Low,0,,
lifestyle gym,INR,500,0%,0%,Low,1,27.61,115.12
gym coach,INR,5000,0%,900%,Low,4,9.5,50.54
walking workout,INR,500,0%,0%,Low,15,1.17,80.6
apex gym,INR,500,0%,0%,Low,10,,
nitro gym,INR,5000,0%,0%,Low,1,32.59,107.47
gym trainer near me,INR,5000,0%,0%,Medium,35,8.25,60.31
new fitness,INR,500,0%,900%,Low,0,,
circuit training workouts,INR,500,0%,0%,Low,1,3.92,99.55
pump fitness,INR,50,-90%,-90%,Low,5,,
ace personal training,INR,500,0%,0%,Low,15,6.34,40.66
skipping workout,INR,500,0%,0%,Low,9,1.01,36.6
good bicep workouts,INR,50,0%,0%,Low,0,,
factory gym,INR,50,0%,0%,Low,2,,
powermax treadmill,INR,5000,0%,0%,High,100,2.08,31.74
chontel duncan,INR,50,0%,0%,Low,0,,
best cardio workouts,INR,500,0%,0%,Low,5,1.12,20.15
gym classes,INR,5000,0%,0%,Low,3,11.71,88.4
exercise program,INR,500,0%,0%,Low,5,11.51,69.9
shape fitness,INR,500,0%,0%,Low,14,,
skinny to muscular,INR,5000,0%,0%,Low,4,1,32.89
best dumbbell workouts,INR,500,0%,900%,Low,14,1.75,26.63
best ab workouts for women,INR,500,0%,0%,Low,7,1.59,2.47
push exercises gym,INR,5000,0%,900%,Low,0,11.51,112.03
colosseum gym,INR,500,0%,0%,Low,2,17.04,61.44
best workout,INR,500,0%,0%,Low,4,8.31,55.92
the rock workout,INR,500,0%,0%,Low,3,,
good arm workouts,INR,50,0%,0%,Low,0,,
booty band workout,INR,500,0%,-90%,High,94,1.01,1.3
high fitness,INR,500,0%,0%,Low,1,,
daily fitness,INR,500,0%,0%,Low,3,0.94,50.98
smith gym,INR,50,0%,0%,Low,1,,
gym city,INR,500,0%,0%,Low,0,,
figure 8 workout,INR,50,0%,-90%,Medium,40,,
powerlifting gym,INR,500,0%,0%,Low,3,,
revolution gym,INR,500,0%,0%,Low,2,6.23,89.75
the gym membership,INR,50,0%,0%,Low,13,9.88,71.02
body by jake,INR,50,0%,0%,Low,0,,
all women gym near me,INR,50,0%,900%,Low,8,6.77,48.4
good tricep workouts,INR,50,0%,0%,Low,0,,
onyx gym,INR,500,0%,0%,Low,3,,
factory fitness,INR,50,0%,0%,Low,0,,
balance fitness,INR,50,900%,900%,Low,2,,
reebok deck,INR,50,0%,0%,High,100,1.04,10.61
women's workout gyms near me,INR,500,900%,900%,Low,1,37,54.27
global gym,INR,500,0%,0%,Low,4,10.37,32.83
ems workout,INR,500,0%,0%,Low,18,1.7,104.91
gym club,INR,500,0%,0%,Low,8,8.2,41.28
stepper fitness,INR,50,0%,0%,High,87,1.26,26.23
air fitness,INR,50,0%,0%,Low,1,,
gym website,INR,5000,0%,0%,Low,15,6.58,97.86
new gym,INR,500,0%,0%,Low,1,,
fitness system,INR,50,0%,0%,Low,19,,
universal fitness,INR,500,0%,0%,Low,5,,
gym one,INR,50,0%,0%,Low,2,,
level up fitness,INR,50,0%,0%,Low,1,,
ihrsa,INR,50,900%,900%,Low,3,20.56,185.84
skinny abs,INR,500,0%,0%,Low,3,,
full upper body workout,INR,500,0%,0%,Low,1,,
outdoor fitness,INR,50,900%,0%,Low,17,,
chest tricep workout,INR,5000,0%,0%,Low,1,,
body pump workout,INR,500,0%,0%,Low,3,,
push and pull workout,INR,500,0%,0%,Low,3,,
p90x workouts,INR,500,0%,0%,Low,2,9.87,91.28
strong gym,INR,500,0%,0%,Low,1,,
gym near me ladies,INR,5000,0%,0%,Low,5,8.32,55.93
legacy gym,INR,50,900%,900%,Low,1,,
surge fitness,INR,500,0%,0%,Low,1,,
gym bros,INR,500,0%,0%,Low,0,,
beginner ab workout,INR,500,900%,900%,Low,1,1.64,33.65
weighted ab workouts,INR,500,0%,0%,Low,2,0.4,72.22
back muscles workout,INR,5000,0%,900%,Low,0,14.8,47.69
full shoulder workout,INR,5000,0%,0%,Low,0,,
emi wong workout,INR,500,0%,0%,Low,0,,
fitness planner,INR,500,0%,0%,High,78,3.47,63.85
forge fitness,INR,500,0%,0%,Low,2,10.85,78.94
bench press workout,INR,500,0%,0%,Low,27,1.03,28.86
get in shape,INR,500,0%,0%,Low,11,10.72,53.67
hiit treadmill workout,INR,500,0%,0%,Low,0,,
dance fitness classes near me,INR,5000,0%,900%,Low,13,8,59.21
maximum fitness,INR,50,0%,-90%,Low,0,,
best lower ab workout,INR,500,0%,0%,Low,0,,
aesthetic gym,INR,500,0%,900%,Low,1,,
basic exercise,INR,500,0%,0%,Low,2,1.15,34.05
sumeet sahni,INR,500,0%,0%,Low,0,,
knockout fitness,INR,500,-90%,-90%,Low,1,,
cbumfitness,INR,50,0%,0%,Low,3,,
gym instruments,INR,5000,0%,0%,High,100,1.16,12.45
good core workouts,INR,50,0%,0%,Low,0,,
weight lifting bench,INR,500,0%,0%,High,99,1.11,23.01
paradise gym,INR,500,0%,0%,Low,2,,
30 day fitness challenge,INR,500,0%,0%,Low,9,1.77,42.76
cardio exercises at gym,INR,5000,0%,0%,Low,5,1.64,50.19
the gym group near me,INR,50,-100%,-100%,Unknown,,,
be fitness,INR,500,0%,900%,Low,2,,
cardio workouts at gym,INR,5000,0%,0%,Low,7,15.18,61.91
cbum workout,INR,500,0%,900%,Low,0,,
commercial treadmill,INR,500,0%,0%,High,100,7.34,41.61
hiit classes near me,INR,500,0%,0%,Low,11,14.82,97.75
5 3 1 workout,INR,50,0%,0%,Low,1,,
true treadmill,INR,50,0%,0%,High,96,6.98,43.48
ab roller workout,INR,500,0%,0%,High,97,0.99,11.21
gym for beginners,INR,5000,0%,0%,Low,11,2.01,43.08
mikasa workout,INR,50,900%,0%,Low,1,,
upper body strength workout,INR,500,0%,0%,Low,3,,
gym center near me,INR,5000,0%,0%,Low,6,2.42,42.24
ultimate gym,INR,500,0%,0%,Low,6,3.13,9.38
weight bench with weights,INR,50,0%,0%,Medium,39,,
tribe fitness,INR,500,0%,0%,Low,2,,
full chest workout,INR,500,0%,0%,Low,1,7.02,46.2
15 minute workout,INR,500,0%,0%,Low,1,,
inspire ft2,INR,50,0%,0%,Medium,64,6.58,44.54
full body workout program,INR,50,0%,0%,Low,3,,
fitness workouts,INR,5000,0%,0%,Low,8,4.9,37.29
beginner gym workout male,INR,5000,0%,900%,Low,10,1.98,29.91
kettlebell leg workout,INR,50,900%,900%,Low,1,,
sweat fitness,INR,500,0%,0%,Low,24,27.56,101.33
booty workout gym,INR,500,900%,0%,Low,15,,
fat burning workout,INR,500,0%,0%,Low,24,1.24,37.94
fat loss workout,INR,5000,0%,0%,Low,5,1.54,31.53
freemotion treadmill,INR,500,0%,0%,High,97,8,38.26
full body strength workout,INR,500,0%,0%,Low,2,20.56,58.21
calisthenics gym near me,INR,5000,0%,0%,Low,7,5.21,39.61
shoulder day workout,INR,500,0%,0%,Low,1,,
hybrid fitness,INR,500,900%,0%,Low,2,,
we fitness,INR,500,0%,0%,Low,1,,
daily workout,INR,500,0%,0%,Low,5,1.29,42.79
crossfit programming,INR,50,0%,0%,Low,5,5.24,50.16
dfit,INR,500,0%,0%,Low,2,18.25,29.87
cybex arc trainer,INR,50,0%,0%,Medium,39,,
seven minute workout,INR,50,0%,0%,Low,9,14.8,54.27
gym membership cost,INR,500,0%,0%,Low,11,3.71,31.32
crossfit body,INR,500,0%,0%,Low,0,,
workouts for chest,INR,50000,0%,0%,Low,1,1.38,39.2
movement fitness,INR,50,900%,900%,Low,2,,
stepper workout,INR,5000,0%,0%,High,97,1.58,20.08
personal fitness trainer,INR,500,0%,0%,Low,23,9.72,67.28
good gyms near me,INR,5000,0%,0%,Low,16,9.41,65.72
jim fitness,INR,5000,900%,0%,Low,4,4.38,43.91
fitness first gym,INR,5000,0%,0%,Low,3,29.84,32.89
power in physical fitness,INR,50,0%,-90%,Low,0,,
5 day dumbbell workout,INR,500,900%,0%,Low,1,,
workout for women,INR,5000,0%,0%,Low,9,1.17,29.91
strong fitness,INR,50,900%,900%,Low,0,,
stretching after workout,INR,5000,0%,0%,Low,1,,
decathlon resistance band,INR,5000,0%,0%,High,100,1.65,23.35
quick ab workout,INR,50,0%,0%,Low,0,,
inspire gym,INR,500,0%,0%,Low,1,,
g fitness,INR,50,0%,0%,Low,4,14.48,64.91
fitness factory gym,INR,5000,0%,0%,Low,1,19.7,59.86
elevate gym,INR,500,0%,0%,Low,3,,
planks workout,INR,5000,0%,0%,Low,0,1.39,58.67
mark wahlberg workout,INR,50,900%,900%,Low,0,,
arnold workout,INR,500,0%,0%,Low,0,,
fitfam,INR,500,0%,0%,Low,0,,
5 minute arm workout,INR,50,0%,0%,Low,11,,
gym band,INR,5000,0%,0%,High,100,1.06,8.7
kettlebell core workout,INR,50,0%,0%,Low,9,,
pull up workout,INR,500,0%,0%,Low,0,,
fitness warehouse,INR,500,0%,0%,Low,3,5,40.73
golds gym membership,INR,5000,0%,0%,Low,14,8.94,89.9
no limit super gym,INR,50,∞,0%,Low,2,,
back bicep workout,INR,5000,0%,0%,Low,1,,
five star fitness,INR,50,0%,0%,Low,2,,
zyzz workout,INR,50,0%,0%,Low,0,,
d fitness,INR,500,0%,0%,Low,1,,
best gym trainers,INR,500,0%,0%,Medium,56,6.83,45.8
female fitness,INR,500,0%,-90%,Low,1,0.37,3.88
muscle building workout,INR,500,0%,0%,Low,4,6.13,24.64
ab fitness,INR,5000,0%,0%,Low,2,23.94,137.02
water aerobics exercises,INR,500,0%,0%,Low,3,,
247 gym,INR,500,0%,0%,Low,4,18.79,110.65
fitness 360,INR,500,0%,0%,Low,3,,
group fitness classes,INR,50,0%,0%,Low,5,13.12,135.31
thor workout,INR,500,900%,0%,Low,1,,
super gym,INR,500,0%,0%,Low,3,24.21,130.6
best calisthenics workout,INR,50,900%,900%,Low,1,,
fitbody,INR,500,0%,0%,Low,3,,
hiit workouts for beginners,INR,500,0%,0%,Low,7,2.98,38.96
coliseum gym,INR,50,0%,0%,Low,0,,
cross fitness,INR,50000,0%,0%,Low,1,2.62,81.92
thigh gap workout,INR,500,0%,0%,Low,2,,
apex fitness,INR,50,900%,900%,Low,1,,
kettle bell workout,INR,5000,0%,0%,Low,9,1.79,55.03
seven gym,INR,50,0%,0%,Low,1,,
no limits fitness,INR,500,0%,0%,Low,0,,
drew manning,INR,50,0%,0%,Low,0,,
family gym,INR,50,0%,-90%,Low,1,,
exercise near me,INR,500,0%,0%,Low,7,11.05,33.78
fitness pro,INR,500,0%,0%,Low,1,1.38,71.48
commercial gym,INR,500,0%,0%,Low,11,4.39,15.83
female only gym near me,INR,50,0%,0%,Low,15,6.63,77.79
10 star fitness,INR,50,∞,0%,Low,0,,
flat belly workout,INR,500,0%,0%,Low,4,0.98,17.67
absolute gym,INR,500,0%,0%,Low,1,,
gym life,INR,500,0%,0%,Low,2,,
club fitness near me,INR,50,0%,0%,Low,8,31.97,74.14
better gym near me,INR,50,0%,0%,Low,0,,
arm fat workout,INR,500,0%,0%,Low,1,4.76,101.14
20 minute hiit workout,INR,50,0%,-90%,Low,2,,
pull exercises gym,INR,5000,0%,900%,Low,2,,
best arm workouts for women,INR,50,0%,0%,Low,2,,
365 fitness,INR,50,900%,900%,Low,1,,
stair stepper workout,INR,50,0%,0%,Medium,65,1.01,21.02
chest workout for women,INR,5000,0%,0%,Low,1,1.64,51.81
bulldog gym,INR,500,0%,0%,Low,0,,
crossfit athletes,INR,500,0%,0%,Low,3,,
pro fitness gym,INR,5000,0%,0%,Low,5,7.08,41.68
